Destination Port,Flow Duration,Total Fwd Packets,Total Backward Packets,Total Length of Fwd Packets,Total Length of Bwd Packets,Fwd Packet Length Max,Fwd Packet Length Min,Fwd Packet Length Mean,Fwd Packet Length Std,Bwd Packet Length Max,Bwd Packet Length Min,Bwd Packet Length Mean,Bwd Packet Length Std,Flow Bytes/s,Flow Packets/s,Flow IAT Mean,Flow IAT Std,Flow IAT Max,Flow IAT Min,Fwd IAT Total,Fwd IAT Mean,Fwd IAT Std,Fwd IAT Max,Fwd IAT Min,Bwd IAT Total,Bwd IAT Mean,Bwd IAT Std,Bwd IAT Max,Bwd IAT Min,Fwd PSH Flags,Fwd URG Flags,Fwd Header Length,Bwd Header Length,Fwd Packets/s,Bwd Packets/s,Min Packet Length,Max Packet Length,Packet Length Mean,Packet Length Std,Packet Length Variance,FIN Flag Count,SYN Flag Count,RST Flag Count,PSH Flag Count,ACK Flag Count,URG Flag Count,CWE Flag Count,ECE Flag Count,Down/Up Ratio,Average Packet Size,Avg Fwd Segment Size,Avg Bwd Segment Size,Fwd Header Length.1,Subflow Fwd Packets,Subflow Fwd Bytes,Subflow Bwd Packets,Subflow Bwd Bytes,Init_Win_bytes_forward,Init_Win_bytes_backward,act_data_pkt_fwd,min_seg_size_forward,Active Mean,Active Std,Active Max,Active Min,Idle Mean,Idle Std,Idle Max,Idle Min,Label,flow_missing
53,30663,1,1,51,112,51,51,51.0,0.0,112,112,112.0,0.0,5315.852982,65.22518997,30663.0,0.0,30663,30663,0,0.0,0.0,0,0,0,0.0,0.0,0,0,0,0,20,20,32.61259498,32.61259498,51,112,71.33333333,35.21836642,1240.333333,0,0,0,0,0,0,0,0,1,107.0,51.0,112.0,20,1,51,1,112,-1,-1,0,20,0.0,0.0,0,0,0.0,0.0,0,0,Normal,0
80,4066350,2,0,0,0,0,0,0.0,0.0,0,0,0.0,0.0,0.0,0.491841578,4066350.0,0.0,4066350,4066350,4066350,4066350.0,0.0,4066350,4066350,0,0.0,0.0,0,0,0,0,64,0,0.491841578,0.0,0,0,0.0,0.0,0.0,0,0,0,0,1,0,0,0,0,0.0,0.0,0.0,64,2,0,0,0,284,-1,0,32,0.0,0.0,0,0,0.0,0.0,0,0,DoS,0
80,69824715,15,14,3645,907,1576,0,243.0,540.6386435,308,0,64.78571429,128.795711,65.19181639,0.41532572,2493739.821,4095345.238,10000000,21,65500000,4682019.429,4916653.467,10100000,130,69700000,5362186.846,4707738.478,10100000,552,0,0,488,456,0.214823648,0.200502072,0,1576,151.7333333,396.6026356,157293.6506,0,0,0,1,0,0,0,0,0,156.9655172,243.0,64.78571429,488,15,3645,14,907,29200,297,3,32,900975.0,1922464.389,4825189,116060,9925088.167,239895.7046,10000000,9435804,Normal,0
53,283,2,2,72,454,36,36,36.0,0.0,227,227,227.0,0.0,1858657.244,14134.27562,94.33333333,160.7928274,280,1,1,1.0,0.0,1,1,2,2.0,0.0,2,2,0,0,40,40,7067.137809,7067.137809,36,227,112.4,104.6150085,10944.3,0,0,0,0,0,0,0,0,1,140.5,36.0,227.0,40,2,72,2,454,-1,-1,1,20,0.0,0.0,0,0,0.0,0.0,0,0,Normal,0
42814,42,1,1,0,0,0,0,0.0,0.0,0,0,0.0,0.0,0.0,47619.04762,42.0,0.0,42,42,0,0.0,0.0,0,0,0,0.0,0.0,0,0,0,0,32,32,23809.52381,23809.52381,0,0,0.0,0.0,0.0,0,0,0,0,1,1,0,0,1,0.0,0.0,0.0,32,1,0,1,0,126,245,0,32,0.0,0.0,0,0,0.0,0.0,0,0,Normal,0
53,126743,4,2,144,292,36,36,36.0,0.0,146,146,146.0,0.0,3440.0321911269,47.3398925384,25348.6,41358.3928459509,95180,2,31559,10519.6666666667,18215.401020382,31553,2,4,4.0,0.0,4,4,0,0,104,40,31.559928359,15.7799641795,36,146,67.4285714286,53.6745040122,2880.9523809524,0,0,0,0,0,0,0,0,0,78.6666666667,36.0,146.0,104,4,144,2,292,-1,-1,3,20,0.0,0.0,0,0,0.0,0.0,0,0,Normal,0
53,71665,2,2,72,340,36,36,36.0,0.0,170,170,170.0,0.0,5748.9709063002,55.8152515175,23888.3333333333,41370.6108890518,71659,3,3,3.0,0.0,3,3,3,3.0,0.0,3,3,0,0,40,64,27.9076257587,27.9076257587,36,170,89.6,73.3948227057,5386.8,0,0,0,0,0,0,0,0,1,112.0,36.0,170.0,40,2,72,2,340,-1,-1,1,20,0.0,0.0,0,0,0.0,0.0,0,0,Normal,0
53,43369,2,2,80,112,40,40,40.0,0.0,56,56,56.0,0.0,4427.125366,92.23177846,14456.33333,24994.08109,43317,3,3,3.0,0.0,3,3,49,49.0,0.0,49,49,0,0,64,64,46.11588923,46.11588923,40,56,46.4,8.76356092,76.8,0,0,0,0,0,0,0,0,1,58.0,40.0,56.0,64,2,80,2,112,-1,-1,1,32,0.0,0.0,0,0,0.0,0.0,0,0,Normal,0
58658,57,1,1,0,0,0,0,0.0,0.0,0,0,0.0,0.0,0.0,35087.7193,57.0,0.0,57,57,0,0.0,0.0,0,0,0,0.0,0.0,0,0,0,0,32,32,17543.85965,17543.85965,0,0,0.0,0.0,0.0,0,0,0,0,1,1,0,0,1,0.0,0.0,0.0,32,1,0,1,0,349,316,0,32,0.0,0.0,0,0,0.0,0.0,0,0,Normal,0
62913,103100,2,1,6,6,6,0,3.0,4.2426406871,6,6,6.0,0.0,116.3918525703,29.0979631426,51550.0,72754.2167162839,102995,105,103100,103100.0,0.0,103100,103100,0,0.0,0.0,0,0,0,0,52,20,19.3986420951,9.6993210475,0,6,4.5,3.0,9.0,0,0,0,0,1,1,0,0,0,6.0,3.0,6.0,52,2,6,1,6,10231,32850,0,20,0.0,0.0,0,0,0.0,0.0,0,0,Normal,0
49563,5,3,0,0,0,0,0,0.0,0.0,0,0,0.0,0.0,0.0,600000.0,2.5,2.121320344,4,1,5,2.5,2.121320344,4,1,0,0.0,0.0,0,0,0,0,96,0,600000.0,0.0,0,0,0.0,0.0,0.0,0,0,0,0,1,0,0,0,0,0.0,0.0,0.0,96,3,0,0,0,395,-1,0,32,0.0,0.0,0,0,0.0,0.0,0,0,Normal,0
80,11121118,7,5,321,11632,321,0,45.85714286,121.3265958,8736,0,2326.4,3796.176603,1074.802012,1.079028206,1011010.727,2262094.46,6118056,49,6122752,1020458.667,2499051.416,6121626,49,11100000,2780267.25,3242058.527,6118056,196,0,0,232,168,0.62943312,0.449595086,0,8736,919.4615385,2480.208816,6151435.769,0,0,0,1,0,0,0,0,0,996.0833333,45.85714286,2326.4,232,7,321,5,11632,29200,235,1,32,690.0,0.0,690,690,6118056.0,0.0,6118056,6118056,DoS,0
443,118274409,16,15,856,4720,234,0,53.5,77.48978427,1460,0,314.6666667,533.5829922,47.14460251,0.262102345,3942480.3,14900000.0,58900000,4,118000000,7884960.6,20700000.0,59000000,4,118000000,8447093.714,21400000.0,58900000,49,0,0,356,312,0.13527863,0.126823716,0,1460,174.25,386.6909243,149529.871,0,0,0,1,0,0,0,0,0,179.8709677,53.5,314.6666667,356,16,856,15,4720,8192,32,13,20,169881.0,78299.34809,225247,114515,58900000.0,101800.7491,58900000,58800000,Normal,0
53,30680,2,2,68,158,34,34,34.0,0.0,79,79,79.0,0.0,7366.3624511082,130.3780964798,10226.6666666667,17629.9678199744,30584,48,48,48.0,0.0,48,48,48,48.0,0.0,48,48,0,0,64,40,65.1890482399,65.1890482399,34,79,52.0,24.6475150877,607.5,0,0,0,0,0,0,0,0,1,65.0,34.0,79.0,64,2,68,2,158,-1,-1,1,32,0.0,0.0,0,0,0.0,0.0,0,0,Normal,0
39961,71,1,1,0,0,0,0,0.0,0.0,0,0,0.0,0.0,0.0,28169.014084507,71.0,0.0,71,71,0,0.0,0.0,0,0,0,0.0,0.0,0,0,0,0,32,32,14084.5070422535,14084.5070422535,0,0,0.0,0.0,0.0,0,0,0,0,1,1,0,0,1,0.0,0.0,0.0,32,1,0,1,0,132,338,0,32,0.0,0.0,0,0,0.0,0.0,0,0,Normal,0
80,100897613,7,7,1002,11595,330,0,143.1428571,174.8060149,4344,0,1656.428571,1760.597234,124.8493361,0.138754521,7761354.846,27800000.0,100000000,5,101000000,16800000.0,40900000.0,100000000,1011,101000000,16800000.0,40900000.0,100000000,16,0,0,208,232,0.069377261,0.069377261,0,4344,840.2,1402.606563,1967305.171,1,0,0,0,0,0,0,0,1,900.2142857,143.1428571,1656.428571,208,7,1002,7,11595,0,235,4,20,10985.0,0.0,10985,10985,100000000.0,0.0,100000000,100000000,DoS,0
53,198,2,2,92,248,46,46,46.0,0.0,124,124,124.0,0.0,1717171.71717172,20202.0202020202,66.0,30.3150127824,101,48,48,48.0,0.0,48,48,49,49.0,0.0,49,49,0,0,64,64,10101.0101010101,10101.0101010101,46,124,77.2,42.7223594854,1825.2,0,0,0,0,0,0,0,0,1,96.5,46.0,124.0,64,2,92,2,248,-1,-1,1,32,0.0,0.0,0,0,0.0,0.0,0,0,Normal,0
53,243,2,2,84,192,42,42,42.0,0.0,96,96,96.0,0.0,1135802.469,16460.90535,81.0,98.72689603,192,3,48,48.0,0.0,48,48,3,3.0,0.0,3,3,0,0,64,64,8230.452675,8230.452675,42,96,63.6,29.57701811,874.8,0,0,0,0,0,0,0,0,1,79.5,42.0,96.0,64,2,84,2,192,-1,-1,1,32,0.0,0.0,0,0,0.0,0.0,0,0,Normal,0
57736,52,1,1,0,0,0,0,0.0,0.0,0,0,0.0,0.0,0.0,38461.5384615385,52.0,0.0,52,52,0,0.0,0.0,0,0,0,0.0,0.0,0,0,0,0,32,32,19230.7692307692,19230.7692307692,0,0,0.0,0.0,0.0,0,0,0,0,1,0,0,0,1,0.0,0.0,0.0,32,1,0,1,0,122,33304,0,32,0.0,0.0,0,0,0.0,0.0,0,0,Normal,0
80,68093666,6,5,290,11595,290,0,48.33333333,118.3920042,7240,0,2319.0,3331.638186,174.5389946,0.161542191,6809366.6,21500000.0,67900000,3,68000000,13600000.0,30400000.0,67900000,3,165487,41371.75,66959.08916,140263,97,0,0,200,168,0.088113922,0.073428269,0,7240,990.4166667,2327.719425,5418277.72,0,0,0,0,1,0,0,0,0,1080.454545,48.33333333,2319.0,200,6,290,5,11595,251,235,1,32,995.0,0.0,995,995,67900000.0,0.0,67900000,67900000,DoS,0
80,99797578,8,6,423,11595,417,0,52.875,147.143698,4344,0,1932.5,1754.831473,120.4237642,0.140283966,7676736.769,27600000.0,99600000,2,99700000,14200000.0,37700000.0,99600000,3,147440,29488.0,59328.83994,135219,15,0,0,252,200,0.080162266,0.0601217,0,4344,801.2,1423.015119,2024972.029,0,0,0,0,1,0,0,0,0,858.4285714,52.875,1932.5,252,8,423,6,11595,251,235,2,20,2955.0,0.0,2955,2955,99600000.0,0.0,99600000,99600000,DoS,0
443,15210056,9,8,1332,3542,773,0,148.0,265.6233235,1400,0,442.75,608.0142738,320.4458945,1.117681618,950628.5,2714177.077,9959910,2,10100000,1263807.25,3513824.999,9959910,3,15200000,2169360.0,3941891.121,10000000,2,0,0,296,264,0.591713798,0.52596782,0,1400,270.7777778,460.0384326,211635.3595,0,0,0,1,0,0,0,0,0,286.7058824,148.0,442.75,296,9,1332,8,3542,29200,13914,3,32,87558.0,89081.31229,150548,24568,7517470.0,3454131.773,9959910,5075030,Normal,0
53,30658,1,1,81,159,81,81,81.0,0.0,159,159,159.0,0.0,7828.299302,65.23582752,30658.0,0.0,30658,30658,0,0.0,0.0,0,0,0,0.0,0.0,0,0,0,0,32,32,32.61791376,32.61791376,81,159,107.0,45.033321,2028.0,0,0,0,0,0,0,0,0,1,160.5,81.0,159.0,32,1,81,1,159,-1,-1,0,32,0.0,0.0,0,0,0.0,0.0,0,0,Normal,0
443,5257788,9,11,1502,7228,974,0,166.8888889,326.3803167,1448,0,657.0909091,676.0792046,1660.394067,3.803881024,276725.6842,1143011.698,4995474,4,262310,32788.75,37608.33356,99562,176,5206169,520616.9,1572657.597,4995503,4,0,0,296,360,1.711746461,2.092134563,0,1448,415.7142857,582.8360956,339697.9143,0,0,0,1,0,0,0,0,1,436.5,166.8888889,657.0909091,296,9,1502,11,7228,29200,19,3,32,0.0,0.0,0,0,0.0,0.0,0,0,Normal,0
1322,57,1,1,0,6,0,0,0.0,0.0,6,6,6.0,0.0,105263.1579,35087.7193,57.0,0.0,57,57,0,0.0,0.0,0,0,0,0.0,0.0,0,0,0,0,40,20,17543.85965,17543.85965,0,6,2.0,3.464101615,12.0,0,0,0,1,0,0,0,0,1,3.0,0.0,6.0,40,1,0,1,6,29200,0,0,40,0.0,0.0,0,0,0.0,0.0,0,0,PortScan,0
80,99998,1,1,0,0,0,0,0.0,0.0,0,0,0.0,0.0,0.0,20.00040001,99998.0,0.0,99998,99998,0,0.0,0.0,0,0,0,0.0,0.0,0,0,0,0,32,32,10.0002,10.0002,0,0,0.0,0.0,0.0,0,0,0,0,1,1,0,0,1,0.0,0.0,0.0,32,1,0,1,0,237,110,0,32,0.0,0.0,0,0,0.0,0.0,0,0,Normal,0
60223,31,1,1,0,0,0,0,0.0,0.0,0,0,0.0,0.0,0.0,64516.12903,31.0,0.0,31,31,0,0.0,0.0,0,0,0,0.0,0.0,0,0,0,0,32,32,32258.06452,32258.06452,0,0,0.0,0.0,0.0,0,0,0,0,1,1,0,0,1,0.0,0.0,0.0,32,1,0,1,0,411,339,0,32,0.0,0.0,0,0,0.0,0.0,0,0,Normal,0
53,334,2,2,66,176,33,33,33.0,0.0,88,88,88.0,0.0,724550.8982,11976.0479,111.3333333,189.3735286,330,1,1,1.0,0.0,1,1,3,3.0,0.0,3,3,0,0,64,64,5988.023952,5988.023952,33,88,55.0,30.12474066,907.5,0,0,0,0,0,0,0,0,1,68.75,33.0,88.0,64,2,66,2,176,-1,-1,1,32,0.0,0.0,0,0,0.0,0.0,0,0,Normal,0
5862,29,1,1,0,6,0,0,0.0,0.0,6,6,6.0,0.0,206896.5517,68965.51724,29.0,0.0,29,29,0,0.0,0.0,0,0,0,0.0,0.0,0,0,0,0,40,20,34482.75862,34482.75862,0,6,2.0,3.464101615,12.0,0,0,0,1,0,0,0,0,1,3.0,0.0,6.0,40,1,0,1,6,29200,0,0,40,0.0,0.0,0,0,0.0,0.0,0,0,PortScan,0
53,184,2,2,72,208,36,36,36.0,0.0,104,104,104.0,0.0,1521739.13,21739.13043,61.33333333,67.98774399,135,1,1,1.0,0.0,1,1,48,48.0,0.0,48,48,0,0,64,64,10869.56522,10869.56522,36,104,63.2,37.24513391,1387.2,0,0,0,0,0,0,0,0,1,79.0,36.0,104.0,64,2,72,2,208,-1,-1,1,32,0.0,0.0,0,0,0.0,0.0,0,0,Normal,0
80,98815269,7,6,381,11595,357,0,54.42857143,133.4514358,8688,0,1932.5,3506.021777,121.1958447,0.131558616,8234605.75,28500000.0,98800000,14,98800000,16500000.0,40300000.0,98800000,68,98800000,19800000.0,44200000.0,98800000,179,0,0,184,200,0.070839255,0.060719361,0,8688,855.8571429,2381.677329,5672386.901,1,0,0,0,0,0,0,0,0,921.6923077,54.42857143,1932.5,184,7,381,6,11595,0,235,4,20,19182.0,0.0,19182,19182,98800000.0,0.0,98800000,98800000,DoS,0
84,25,1,1,2,6,2,2,2.0,0.0,6,6,6.0,0.0,320000.0,80000.0,25.0,0.0,25,25,0,0.0,0.0,0,0,0,0.0,0.0,0,0,0,0,24,20,40000.0,40000.0,2,6,3.333333333,2.309401077,5.333333333,0,0,0,1,0,0,0,0,1,5.0,2.0,6.0,24,1,2,1,6,1024,0,0,24,0.0,0.0,0,0,0.0,0.0,0,0,PortScan,0
53,255,2,2,70,102,35,35,35.0,0.0,51,51,51.0,0.0,674509.803921569,15686.2745098039,85.0,62.3538290725,157,49,49,49.0,0.0,49,49,49,49.0,0.0,49,49,0,0,40,40,7843.137254902,7843.137254902,35,51,41.4,8.7635609201,76.8,0,0,0,0,0,0,0,0,1,51.75,35.0,51.0,40,2,70,2,102,-1,-1,1,20,0.0,0.0,0,0,0.0,0.0,0,0,Normal,0
80,22184,1,1,0,0,0,0,0.0,0.0,0,0,0.0,0.0,0.0,90.1550667147,22184.0,0.0,22184,22184,0,0.0,0.0,0,0,0,0.0,0.0,0,0,0,0,32,32,45.0775333574,45.0775333574,0,0,0.0,0.0,0.0,0,0,0,0,1,1,0,0,1,0.0,0.0,0.0,32,1,0,1,0,552,131,0,32,0.0,0.0,0,0,0.0,0.0,0,0,Normal,0
80,1261312,3,4,26,11601,20,0,8.666666667,10.26320288,8760,0,2900.25,4128.319301,9218.179166,5.54977674,210218.6667,499089.1223,1228656,9,32281,16140.5,22141.63464,31797,484,1261219,420406.3333,700145.6605,1228656,366,0,0,72,92,2.378475746,3.171300995,0,8760,1453.375,3113.952607,9696700.839,0,0,0,1,0,0,0,0,1,1661.0,8.666666667,2900.25,72,3,26,4,11601,8192,229,2,20,0.0,0.0,0,0,0.0,0.0,0,0,DoS,0
80,10200010,5,0,30,0,6,6,6.0,0.0,0,0,0.0,0.0,2.941173587,0.490195598,2550002.5,5099167.006,10200000,228,10200000,2550002.5,5099167.006,10200000,228,0,0.0,0.0,0,0,0,0,100,0,0.490195598,0.0,6,6,6.0,0.0,0.0,0,0,0,0,1,0,0,0,0,7.2,6.0,0.0,100,5,30,0,0,256,-1,4,20,1257.0,0.0,1257,1257,10200000.0,0.0,10200000,10200000,DoS,0
80,11009,3,1,18,0,6,6,6.0,0.0,0,0,0.0,0.0,1635.025888,363.3390862,3669.666667,6331.811773,10981,2,11009,5504.5,7781.710127,11007,2,0,0.0,0.0,0,0,0,0,60,32,272.5043147,90.83477155,0,6,4.8,2.683281573,7.2,1,0,0,0,0,0,0,0,0,6.0,6.0,0.0,60,3,18,1,0,0,235,2,20,0.0,0.0,0,0,0.0,0.0,0,0,DoS,0
80,11611711,5,4,405,3525,405,0,81.0,181.1215062,3525,0,881.25,1762.5,338.4514134,0.775079573,1451463.875,2720022.249,6606511,9,6611949,1652987.25,3305247.836,6610859,231,11600000,3870567.333,3445702.602,6606511,831,0,0,168,136,0.430599763,0.34447981,0,3525,393.0,1107.808648,1227240.0,0,0,0,1,0,0,0,0,0,436.6666667,81.0,881.25,168,5,405,4,3525,29200,235,1,32,840.0,0.0,840,840,6606511.0,0.0,6606511,6606511,DoS,0
53,174,2,2,76,154,38,38,38.0,0.0,77,77,77.0,0.0,1321839.08,22988.50575,58.0,60.25777958,123,4,4,4.0,0.0,4,4,47,47.0,0.0,47,47,0,0,40,40,11494.25287,11494.25287,38,77,53.6,21.36117974,456.3,0,0,0,0,0,0,0,0,1,67.0,38.0,77.0,40,2,76,2,154,-1,-1,1,20,0.0,0.0,0,0,0.0,0.0,0,0,Normal,0
80,10994,3,1,18,0,6,6,6.0,0.0,0,0,0.0,0.0,1637.256685,363.834819,3664.666667,6346.522854,10993,0,10994,5497.0,7773.931952,10994,0,0,0.0,0.0,0,0,0,0,60,32,272.8761142,90.95870475,0,6,4.8,2.683281573,7.2,1,0,0,0,0,0,0,0,0,6.0,6.0,0.0,60,3,18,1,0,0,235,2,20,0.0,0.0,0,0,0.0,0.0,0,0,DoS,0
53,23817,2,2,94,262,47,47,47.0,0.0,131,131,131.0,0.0,14947.3065457446,167.9472645589,7939.0,13705.7373387936,23765,3,3,3.0,0.0,3,3,49,49.0,0.0,49,49,0,0,40,40,83.9736322795,83.9736322795,47,131,80.6,46.0086948304,2116.8,0,0,0,0,0,0,0,0,1,100.75,47.0,131.0,40,2,94,2,262,-1,-1,1,20,0.0,0.0,0,0,0.0,0.0,0,0,Normal,0
46130,48,1,1,0,0,0,0,0.0,0.0,0,0,0.0,0.0,0.0,41666.6666666667,48.0,0.0,48,48,0,0.0,0.0,0,0,0,0.0,0.0,0,0,0,0,32,32,20833.3333333333,20833.3333333333,0,0,0.0,0.0,0.0,0,0,0,0,1,1,0,0,1,0.0,0.0,0.0,32,1,0,1,0,122,360,0,32,0.0,0.0,0,0,0.0,0.0,0,0,Normal,0
53,30324,1,1,44,72,44,44,44.0,0.0,72,72,72.0,0.0,3825.3528558238,65.9543595832,30324.0,0.0,30324,30324,0,0.0,0.0,0,0,0,0.0,0.0,0,0,0,0,20,20,32.9771797916,32.9771797916,44,72,53.3333333333,16.1658075373,261.3333333333,0,0,0,0,0,0,0,0,1,80.0,44.0,72.0,20,1,44,1,72,-1,-1,0,20,0.0,0.0,0,0,0.0,0.0,0,0,Normal,0
43744,83,1,1,0,0,0,0,0.0,0.0,0,0,0.0,0.0,0.0,24096.38554,83.0,0.0,83,83,0,0.0,0.0,0,0,0,0.0,0.0,0,0,0,0,32,32,12048.19277,12048.19277,0,0,0.0,0.0,0.0,0,0,0,0,1,1,0,0,1,0.0,0.0,0.0,32,1,0,1,0,939,256,0,32,0.0,0.0,0,0,0.0,0.0,0,0,Normal,0
33409,60,1,2,0,0,0,0,0.0,0.0,0,0,0.0,0.0,0.0,50000.0,30.0,26.8700576851,49,11,0,0.0,0.0,0,0,49,49.0,0.0,49,49,0,0,32,64,16666.6666666667,33333.3333333333,0,0,0.0,0.0,0.0,0,0,0,0,1,1,0,0,2,0.0,0.0,0.0,32,1,0,2,0,243,290,0,32,0.0,0.0,0,0,0.0,0.0,0,0,Normal,0
51862,11,1,1,0,0,0,0,0.0,0.0,0,0,0.0,0.0,0.0,181818.1818,11.0,0.0,11,11,0,0.0,0.0,0,0,0,0.0,0.0,0,0,0,0,32,32,90909.09091,90909.09091,0,0,0.0,0.0,0.0,0,0,0,0,1,1,0,0,1,0.0,0.0,0.0,32,1,0,1,0,349,65535,0,32,0.0,0.0,0,0,0.0,0.0,0,0,Normal,0
53,198,2,2,154,250,77,77,77.0,0.0,125,125,125.0,0.0,2040404.04040404,20202.0202020202,66.0,108.2543301674,191,3,4,4.0,0.0,4,4,3,3.0,0.0,3,3,0,0,40,40,10101.0101010101,10101.0101010101,77,125,96.2,26.2906827602,691.2,0,0,0,0,0,0,0,0,1,120.25,77.0,125.0,40,2,154,2,250,-1,-1,1,20,0.0,0.0,0,0,0.0,0.0,0,0,Normal,0
53,270,2,2,64,290,32,32,32.0,0.0,145,145,145.0,0.0,1311111.111,14814.81481,90.0,154.1525219,268,1,1,1.0,0.0,1,1,1,1.0,0.0,1,1,0,0,64,64,7407.407407,7407.407407,32,145,77.2,61.892649,3830.7,0,0,0,0,0,0,0,0,1,96.5,32.0,145.0,64,2,64,2,290,-1,-1,1,32,0.0,0.0,0,0,0.0,0.0,0,0,Normal,0
8565,4,2,0,37,0,31,6,18.5,17.67766953,0,0,0.0,0.0,9250000.0,500000.0,4.0,0.0,4,4,4,4.0,0.0,4,4,0,0.0,0.0,0,0,1,0,40,0,500000.0,0.0,6,31,22.66666667,14.43375673,208.3333333,0,1,0,0,1,0,0,0,0,34.0,18.5,0.0,40,2,37,0,0,16616,-1,1,20,0.0,0.0,0,0,0.0,0.0,0,0,Normal,0
80,1126,6,0,0,0,0,0,0.0,0.0,0,0,0.0,0.0,0.0,5328.596803,225.2,228.3006789,484,3,1126,225.2,228.3006789,484,3,0,0.0,0.0,0,0,0,0,192,0,5328.596803,0.0,0,0,0.0,0.0,0.0,0,0,0,0,1,0,0,0,0,0.0,0.0,0.0,192,6,0,0,0,251,-1,0,32,0.0,0.0,0,0,0.0,0.0,0,0,DoS,0
53,23685,1,1,46,62,46,46,46.0,0.0,62,62,62.0,0.0,4559.8480050665,84.4416297235,23685.0,0.0,23685,23685,0,0.0,0.0,0,0,0,0.0,0.0,0,0,0,0,20,20,42.2208148617,42.2208148617,46,62,51.3333333333,9.237604307,85.3333333333,0,0,0,0,0,0,0,0,1,77.0,46.0,62.0,20,1,46,1,62,-1,-1,0,20,0.0,0.0,0,0,0.0,0.0,0,0,Normal,0
80,8184512,5,0,30,0,6,6,6.0,0.0,0,0,0.0,0.0,3.665459834,0.610909972,2046128.0,4091470.001,8183333,330,8184512,2046128.0,4091470.001,8183333,330,0,0.0,0.0,0,0,0,0,100,0,0.610909972,0.0,6,6,6.0,0.0,0.0,0,0,0,0,1,0,0,0,0,7.2,6.0,0.0,100,5,30,0,0,256,-1,4,20,1179.0,0.0,1179,1179,8183333.0,0.0,8183333,8183333,DoS,0
64608,18,1,1,6,6,6,6,6.0,0.0,6,6,6.0,0.0,666666.666666667,111111.111111111,18.0,0.0,18,18,0,0.0,0.0,0,0,0,0.0,0.0,0,0,0,0,20,20,55555.5555555556,55555.5555555556,6,6,6.0,0.0,0.0,0,0,1,1,0,0,1,9.0,6.0,6.0,20,1,6,1,6,58,256,0,20,0.0,0.0,0,0,0.0,0.0,0,0,Normal,0
61123,4,1,1,6,6,6,6,6.0,0.0,6,6,6.0,0.0,3000000.0,500000.0,4.0,0.0,4,4,0,0.0,0.0,0,0,0,0.0,0.0,0,0,0,0,20,20,250000.0,250000.0,6,6,6.0,0.0,0.0,0,0,0,0,1,1,0,0,1,9.0,6.0,6.0,20,1,6,1,6,33580,63916,0,20,0.0,0.0,0,0,0.0,0.0,0,0,Normal,0
53,204,2,2,102,306,51,51,51.0,0.0,153,153,153.0,0.0,2000000.0,19607.84314,68.0,76.97402159,153,3,3,3.0,0.0,3,3,48,48.0,0.0,48,48,0,0,40,40,9803.921569,9803.921569,51,153,91.8,55.86770087,3121.2,0,0,0,0,0,0,0,0,1,114.75,51.0,153.0,40,2,102,2,306,-1,-1,1,20,0.0,0.0,0,0,0.0,0.0,0,0,Normal,0
80,16232,1,1,6,6,6,6,6.0,0.0,6,6,6.0,0.0,739.2804337,123.2134056,16232.0,0.0,16232,16232,0,0.0,0.0,0,0,0,0.0,0.0,0,0,0,0,20,20,61.60670281,61.60670281,6,6,6.0,0.0,0.0,0,0,0,0,1,1,0,0,1,9.0,6.0,6.0,20,1,6,1,6,239,244,0,20,0.0,0.0,0,0,0.0,0.0,0,0,Normal,0
80,11174655,6,4,265,3525,265,0,44.16666667,108.185797,3525,0,881.25,1762.5,339.1603589,0.894882213,1241628.333,2203550.235,5170693,49,6175814,1235162.8,2244398.567,5175142,716,10200000,3392283.333,2937234.98,5170693,2020,0,0,208,136,0.536929328,0.357952885,0,3525,344.5454545,1057.829038,1119002.273,0,0,0,1,0,0,0,0,0,379.0,44.16666667,881.25,208,6,265,4,3525,29200,235,1,32,999825.0,0.0,999825,999825,5170693.0,0.0,5170693,5170693,DoS,0
80,22005,2,1,12,0,6,6,6.0,0.0,0,0,0.0,0.0,545.3306067,136.3326517,11002.5,15521.70095,21978,27,22005,22005.0,0.0,22005,22005,0,0.0,0.0,0,0,0,0,40,32,90.88843445,45.44421722,0,6,4.5,3.0,9.0,1,0,0,0,0,0,0,0,0,6.0,6.0,0.0,40,2,12,1,0,0,235,1,20,0.0,0.0,0,0,0.0,0.0,0,0,DoS,0
80,29910212,7,7,3259,727,2920,0,465.5714286,1088.460052,697,0,103.8571429,261.5609735,133.2655215,0.468067562,2300785.538,4236981.018,10000000,31,20400000,3407314.0,5017575.576,10000000,23187,29900000,4981189.5,5318081.345,10000000,1300,0,0,152,148,0.234033781,0.234033781,0,2920,265.7333333,758.4073977,575181.781,0,0,0,1,0,0,0,0,1,284.7142857,465.5714286,103.8571429,152,7,3259,7,727,8192,7615,6,20,242208.6667,379592.2139,680524,23035,9727862.0,278788.2153,10000000,9443261,Normal,0
22662,11,1,1,6,6,6,6,6.0,0.0,6,6,6.0,0.0,1090909.091,181818.1818,11.0,0.0,11,11,0,0.0,0.0,0,0,0,0.0,0.0,0,0,0,0,20,20,90909.09091,90909.09091,6,6,6.0,0.0,0.0,0,0,0,0,1,1,0,0,1,9.0,6.0,6.0,20,1,6,1,6,119,255,0,20,0.0,0.0,0,0,0.0,0.0,0,0,Normal,0
53,23690,2,2,130,284,65,65,65.0,0.0,142,142,142.0,0.0,17475.72816,168.847615,7896.666667,13633.27915,23639,3,3,3.0,0.0,3,3,48,48.0,0.0,48,48,0,0,40,64,84.42380751,84.42380751,65,142,95.8,42.17463693,1778.7,0,0,0,0,0,0,0,0,1,119.75,65.0,142.0,40,2,130,2,284,-1,-1,1,20,0.0,0.0,0,0,0.0,0.0,0,0,Normal,0
53,24101,2,2,68,422,34,34,34.0,0.0,211,211,211.0,0.0,20331.1065930874,165.9682170864,8033.6666666667,13909.5226853165,24095,3,3,3.0,0.0,3,3,3,3.0,0.0,3,3,0,0,64,64,82.9841085432,82.9841085432,34,211,104.8,96.9468926784,9398.7,0,0,0,0,0,0,0,0,1,131.0,34.0,211.0,64,2,68,2,422,-1,-1,1,32,0.0,0.0,0,0,0.0,0.0,0,0,Normal,0
53,100363,2,2,58,162,29,29,29.0,0.0,81,81,81.0,0.0,2192.042884,39.85532517,33454.33333,57900.44214,100312,3,3,3.0,0.0,3,3,48,48.0,0.0,48,48,0,0,80,64,19.92766258,19.92766258,29,81,49.8,28.48157299,811.2,0,0,0,0,0,0,0,0,1,62.25,29.0,81.0,80,2,58,2,162,-1,-1,1,40,0.0,0.0,0,0,0.0,0.0,0,0,Normal,0
53,46791,2,2,74,444,37,37,37.0,0.0,222,222,222.0,0.0,11070.50501,85.48652519,15597.0,27009.60029,46785,3,3,3.0,0.0,3,3,3,3.0,0.0,3,3,0,0,64,80,42.74326259,42.74326259,37,222,111.0,101.3286731,10267.5,0,0,0,0,0,0,0,0,1,138.75,37.0,222.0,64,2,74,2,444,-1,-1,1,32,0.0,0.0,0,0,0.0,0.0,0,0,Normal,0
58388,104,1,1,0,0,0,0,0.0,0.0,0,0,0.0,0.0,0.0,19230.76923,104.0,0.0,104,104,0,0.0,0.0,0,0,0,0.0,0.0,0,0,0,0,32,32,9615.384615,9615.384615,0,0,0.0,0.0,0.0,0,0,0,0,1,1,0,0,1,0.0,0.0,0.0,32,1,0,1,0,905,229,0,32,0.0,0.0,0,0,0.0,0.0,0,0,Normal,0
80,79034,5,0,30,0,6,6,6.0,0.0,0,0,0.0,0.0,379.5834704,63.26391173,19758.5,38181.89589,77027,4,79034,19758.5,38181.89589,77027,4,0,0.0,0.0,0,0,0,0,100,0,63.26391173,0.0,6,6,6.0,0.0,0.0,0,0,0,0,1,0,0,0,0,7.2,6.0,0.0,100,5,30,0,0,256,-1,4,20,0.0,0.0,0,0,0.0,0.0,0,0,DoS,0
53,280,2,2,134,390,67,67,67.0,0.0,195,195,195.0,0.0,1871428.571,14285.71429,93.33333333,118.681647,228,4,4,4.0,0.0,4,4,48,48.0,0.0,48,48,0,0,40,40,7142.857143,7142.857143,67,195,118.2,70.10848736,4915.2,0,0,0,0,0,0,0,0,1,147.75,67.0,195.0,40,2,134,2,390,-1,-1,1,20,0.0,0.0,0,0,0.0,0.0,0,0,Normal,0
53,66491,1,1,47,129,47,47,47.0,0.0,129,129,129.0,0.0,2646.974779,30.07925885,66491.0,0.0,66491,66491,0,0.0,0.0,0,0,0,0.0,0.0,0,0,0,0,32,32,15.03962942,15.03962942,47,129,74.33333333,47.34272207,2241.333333,0,0,0,0,0,0,0,0,1,111.5,47.0,129.0,32,1,47,1,129,-1,-1,0,32,0.0,0.0,0,0,0.0,0.0,0,0,Normal,0
53,91101,1,1,49,225,49,49,49.0,0.0,225,225,225.0,0.0,3007.650849,21.95365583,91101.0,0.0,91101,91101,0,0.0,0.0,0,0,0,0.0,0.0,0,0,0,0,20,20,10.97682792,10.97682792,49,225,107.6666667,101.6136474,10325.33333,0,0,0,0,0,0,0,0,1,161.5,49.0,225.0,20,1,49,1,225,-1,-1,0,20,0.0,0.0,0,0,0.0,0.0,0,0,Normal,0
57174,76,1,1,0,0,0,0,0.0,0.0,0,0,0.0,0.0,0.0,26315.78947,76.0,0.0,76,76,0,0.0,0.0,0,0,0,0.0,0.0,0,0,0,0,32,32,13157.89474,13157.89474,0,0,0.0,0.0,0.0,0,0,0,0,1,1,0,0,1,0.0,0.0,0.0,32,1,0,1,0,972,245,0,32,0.0,0.0,0,0,0.0,0.0,0,0,Normal,0
80,1159092,3,5,26,11607,20,0,8.666666667,10.26320288,10135,0,2321.4,4413.201989,10036.30428,6.901954288,165584.5714,437610.1551,1157991,13,824,412.0,343.6538957,655,169,1159078,289769.5,578814.453,1157991,13,0,0,72,112,2.588232858,4.31372143,0,10135,1292.555556,3350.634907,11200000.0,0,0,0,1,0,0,0,0,1,1454.125,8.666666667,2321.4,72,3,26,5,11607,8192,229,2,20,0.0,0.0,0,0,0.0,0.0,0,0,DoS,0
80,991,4,0,6,0,6,0,1.5,3.0,0,0,0.0,0.0,6054.490414,4036.326942,330.3333333,566.9614919,985,1,991,330.3333333,566.9614919,985,1,0,0.0,0.0,0,0,0,0,116,0,4036.326942,0.0,0,6,1.2,2.683281573,7.2,0,0,0,0,1,0,0,0,0,1.5,1.5,0.0,116,4,6,0,0,251,-1,1,20,0.0,0.0,0,0,0.0,0.0,0,0,DoS,0
53,117,2,2,70,174,35,35,35.0,0.0,87,87,87.0,0.0,2085470.08547009,34188.0341880342,39.0,34.1174442185,67,1,1,1.0,0.0,1,1,49,49.0,0.0,49,49,0,0,40,40,17094.0170940171,17094.0170940171,35,87,55.8,28.4815729903,811.2,0,0,0,0,0,0,0,0,1,69.75,35.0,87.0,40,2,70,2,174,-1,-1,1,20,0.0,0.0,0,0,0.0,0.0,0,0,Normal,0
56908,63,1,1,0,0,0,0,0.0,0.0,0,0,0.0,0.0,0.0,31746.0317460317,63.0,0.0,63,63,0,0.0,0.0,0,0,0,0.0,0.0,0,0,0,0,32,32,15873.0158730159,15873.0158730159,0,0,0.0,0.0,0.0,0,0,0,0,1,1,0,0,1,0.0,0.0,0.0,32,1,0,1,0,399,422,0,32,0.0,0.0,0,0,0.0,0.0,0,0,Normal,0
52844,208,2,0,12,0,6,6,6.0,0.0,0,0,0.0,0.0,57692.30769,9615.384615,208.0,0.0,208,208,208,208.0,0.0,208,208,0,0.0,0.0,0,0,0,0,40,0,9615.384615,0.0,6,6,6.0,0.0,0.0,0,0,0,0,1,0,0,0,0,9.0,6.0,0.0,40,2,12,0,0,360,-1,1,20,0.0,0.0,0,0,0.0,0.0,0,0,Normal,0
53,169,2,2,70,126,35,35,35.0,0.0,63,63,63.0,0.0,1159763.314,23668.63905,56.33333333,57.3527099,117,3,3,3.0,0.0,3,3,49,49.0,0.0,49,49,0,0,64,64,11834.31953,11834.31953,35,63,46.2,15.33623161,235.2,0,0,0,0,0,0,0,0,1,57.75,35.0,63.0,64,2,70,2,126,-1,-1,1,32,0.0,0.0,0,0,0.0,0.0,0,0,Normal,0
63624,75,1,1,6,6,6,6,6.0,0.0,6,6,6.0,0.0,160000.0,26666.6666666667,75.0,0.0,75,75,0,0.0,0.0,0,0,0,0.0,0.0,0,0,0,0,20,20,13333.3333333333,13333.3333333333,6,6,6.0,0.0,0.0,0,0,0,0,1,1,0,0,1,9.0,6.0,6.0,20,1,6,1,6,267,253,0,20,0.0,0.0,0,0,0.0,0.0,0,0,Normal,0
53,293,2,2,94,452,47,47,47.0,0.0,226,226,226.0,0.0,1863481.229,13651.87713,97.66666667,85.16063253,196,48,48,48.0,0.0,48,48,49,49.0,0.0,49,49,0,0,64,64,6825.938567,6825.938567,47,226,118.6,98.04233779,9612.3,0,0,0,0,0,0,0,0,1,148.25,47.0,226.0,64,2,94,2,452,-1,-1,1,32,0.0,0.0,0,0,0.0,0.0,0,0,Normal,0
53,241,2,2,94,256,47,47,47.0,0.0,128,128,128.0,0.0,1452282.158,16597.51037,80.33333333,100.4805122,193,0,0,0.0,0.0,0,0,48,48.0,0.0,48,48,0,0,80,80,8298.755187,8298.755187,47,128,79.4,44.36552716,1968.3,0,0,0,0,0,0,0,0,1,99.25,47.0,128.0,80,2,94,2,256,-1,-1,1,40,0.0,0.0,0,0,0.0,0.0,0,0,Normal,0
58275,25,1,1,6,6,6,6,6.0,0.0,6,6,6.0,0.0,480000.0,80000.0,25.0,0.0,25,25,0,0.0,0.0,0,0,0,0.0,0.0,0,0,0,0,20,20,40000.0,40000.0,6,6,6.0,0.0,0.0,0,0,0,0,1,1,0,0,1,9.0,6.0,6.0,20,1,6,1,6,8192,254,0,20,0.0,0.0,0,0,0.0,0.0,0,0,Normal,0
80,27223,3,6,26,11607,20,0,8.666666667,10.26320288,5840,0,1934.5,2538.919278,427322.4847,330.6027991,3402.875,8671.569465,24796,5,2048,1024.0,1441.08362,2043,5,27208,5441.6,10856.82432,24796,15,0,0,72,132,110.200933,220.4018661,0,5840,1163.3,2138.329153,4572451.567,0,0,0,1,0,0,0,0,2,1292.555556,8.666666667,1934.5,72,3,26,6,11607,8192,229,2,20,0.0,0.0,0,0,0.0,0.0,0,0,DoS,0
53,182,2,2,86,204,43,43,43.0,0.0,102,102,102.0,0.0,1593406.593,21978.02198,60.66666667,98.14954576,174,4,4,4.0,0.0,4,4,4,4.0,0.0,4,4,0,0,80,80,10989.01099,10989.01099,43,102,66.6,32.31563089,1044.3,0,0,0,0,0,0,0,0,1,83.25,43.0,102.0,80,2,86,2,204,-1,-1,1,40,0.0,0.0,0,0,0.0,0.0,0,0,Normal,0
53,233,2,2,68,422,34,34,34.0,0.0,211,211,211.0,0.0,2103004.292,17167.38197,77.66666667,129.3264603,227,3,3,3.0,0.0,3,3,3,3.0,0.0,3,3,0,0,40,40,8583.690987,8583.690987,34,211,104.8,96.94689268,9398.7,0,0,0,0,0,0,0,0,1,131.0,34.0,211.0,40,2,68,2,422,-1,-1,1,20,0.0,0.0,0,0,0.0,0.0,0,0,Normal,0
1152,73,1,1,0,6,0,0,0.0,0.0,6,6,6.0,0.0,82191.78082,27397.26027,73.0,0.0,73,73,0,0.0,0.0,0,0,0,0.0,0.0,0,0,0,0,40,20,13698.63014,13698.63014,0,6,2.0,3.464101615,12.0,0,0,0,1,0,0,0,0,1,3.0,0.0,6.0,40,1,0,1,6,29200,0,0,40,0.0,0.0,0,0,0.0,0.0,0,0,PortScan,0
53,291,2,2,102,306,51,51,51.0,0.0,153,153,153.0,0.0,1402061.856,13745.70447,97.0,125.6940731,240,4,4,4.0,0.0,4,4,47,47.0,0.0,47,47,0,0,40,40,6872.852234,6872.852234,51,153,91.8,55.86770087,3121.2,0,0,0,0,0,0,0,0,1,114.75,51.0,153.0,40,2,102,2,306,-1,-1,1,20,0.0,0.0,0,0,0.0,0.0,0,0,Normal,0
80,99822014,10,7,382,11595,370,0,38.2,116.6093192,5792,0,1656.428571,2118.227235,119.9835539,0.170303116,6238875.875,24900000.0,99700000,1,99700000,11100000.0,33200000.0,99700000,1,149785,24964.16667,55257.10117,137338,7,0,0,304,232,0.100178303,0.070124812,0,5792,665.3888889,1500.886371,2252659.899,0,0,0,0,1,0,0,0,0,704.5294118,38.2,1656.428571,304,10,382,7,11595,274,235,3,20,1991.0,0.0,1991,1991,99700000.0,0.0,99700000,99700000,DoS,0
53046,40,1,1,6,6,6,6,6.0,0.0,6,6,6.0,0.0,300000.0,50000.0,40.0,0.0,40,40,0,0.0,0.0,0,0,0,0.0,0.0,0,0,0,0,20,20,25000.0,25000.0,6,6,6.0,0.0,0.0,0,0,0,0,1,1,0,0,1,9.0,6.0,6.0,20,1,6,1,6,513,255,0,20,0.0,0.0,0,0,0.0,0.0,0,0,Normal,0
443,501103,3,1,65,6,53,6,21.66666667,27.13546265,6,6,6.0,0.0,141.6874375,7.982390846,167034.3333,261806.0083,468765,3,501103,250551.5,354329.0867,501100,3,0,0.0,0.0,0,0,0,0,60,20,5.986793134,1.995597711,6,53,15.4,21.01903899,441.8,0,0,0,0,1,0,0,0,0,19.25,21.66666667,6.0,60,3,65,1,6,63154,5895,2,20,0.0,0.0,0,0,0.0,0.0,0,0,Normal,0
443,78948,1,2,0,0,0,0,0.0,0.0,0,0,0.0,0.0,0.0,37.999696,39474.0,52754.40852,76777,2171,0,0.0,0.0,0,0,2171,2171.0,0.0,2171,2171,0,0,32,64,12.66656533,25.33313067,0,0,0.0,0.0,0.0,0,0,0,0,1,1,0,0,2,0.0,0.0,0.0,32,1,0,2,0,294,9,0,32,0.0,0.0,0,0,0.0,0.0,0,0,Normal,0
80,18,4,0,6,0,6,0,1.5,3.0,0,0,0.0,0.0,333333.3333,222222.2222,6.0,4.582575695,10,1,18,6.0,4.582575695,10,1,0,0.0,0.0,0,0,0,0,116,0,222222.2222,0.0,0,6,1.2,2.683281573,7.2,0,0,0,0,1,0,0,0,0,1.5,1.5,0.0,116,4,6,0,0,251,-1,1,20,0.0,0.0,0,0,0.0,0.0,0,0,DoS,0
53,136945,2,2,84,210,42,42,42.0,0.0,105,105,105.0,0.0,2146.847274,29.20880646,45648.33333,79060.03647,136939,2,2,2.0,0.0,2,2,4,4.0,0.0,4,4,0,0,40,40,14.60440323,14.60440323,42,105,67.2,34.50652112,1190.7,0,0,0,0,0,0,0,0,1,84.0,42.0,105.0,40,2,84,2,210,-1,-1,1,20,0.0,0.0,0,0,0.0,0.0,0,0,Normal,0
57570,36,1,1,0,0,0,0,0.0,0.0,0,0,0.0,0.0,0.0,55555.55556,36.0,0.0,36,36,0,0.0,0.0,0,0,0,0.0,0.0,0,0,0,0,32,32,27777.77778,27777.77778,0,0,0.0,0.0,0.0,0,0,0,0,1,1,0,0,1,0.0,0.0,0.0,32,1,0,1,0,365,1324,0,32,0.0,0.0,0,0,0.0,0.0,0,0,Normal,0
53,60397,2,2,64,226,32,32,32.0,0.0,113,113,113.0,0.0,4801.562992,66.22845506,20132.33333,34865.89408,60392,2,2,2.0,0.0,2,2,3,3.0,0.0,3,3,0,0,64,64,33.11422753,33.11422753,32,113,64.4,44.36552716,1968.3,0,0,0,0,0,0,0,0,1,80.5,32.0,113.0,64,2,64,2,226,-1,-1,1,32,0.0,0.0,0,0,0.0,0.0,0,0,Normal,0
53,248,2,2,62,318,31,31,31.0,0.0,159,159,159.0,0.0,1532258.06451613,16129.0322580645,82.6666666667,60.0444279957,152,48,48,48.0,0.0,48,48,48,48.0,0.0,48,48,0,0,64,64,8064.5161290323,8064.5161290323,31,159,82.2,70.1084873607,4915.2,0,0,0,0,0,0,0,0,1,102.75,31.0,159.0,64,2,62,2,318,-1,-1,1,32,0.0,0.0,0,0,0.0,0.0,0,0,Normal,0
56196,80,1,1,0,0,0,0,0.0,0.0,0,0,0.0,0.0,0.0,25000.0,80.0,0.0,80,80,0,0.0,0.0,0,0,0,0.0,0.0,0,0,0,0,32,32,12500.0,12500.0,0,0,0.0,0.0,0.0,0,0,0,0,1,1,0,0,1,0.0,0.0,0.0,32,1,0,1,0,360,1723,0,32,0.0,0.0,0,0,0.0,0.0,0,0,Normal,0
53,237,2,2,94,196,47,47,47.0,0.0,98,98,98.0,0.0,1223628.692,16877.63713,79.0,52.82991577,140,48,48,48.0,0.0,48,48,49,49.0,0.0,49,49,0,0,64,64,8438.818565,8438.818565,47,98,67.4,27.93385043,780.3,0,0,0,0,0,0,0,0,1,84.25,47.0,98.0,64,2,94,2,196,-1,-1,1,32,0.0,0.0,0,0,0.0,0.0,0,0,Normal,0
683,55,1,1,0,6,0,0,0.0,0.0,6,6,6.0,0.0,109090.9091,36363.63636,55.0,0.0,55,55,0,0.0,0.0,0,0,0,0.0,0.0,0,0,0,0,40,20,18181.81818,18181.81818,0,6,2.0,3.464101615,12.0,0,0,0,1,0,0,0,0,1,3.0,0.0,6.0,40,1,0,1,6,29200,0,0,40,0.0,0.0,0,0,0.0,0.0,0,0,PortScan,0
55888,77,1,1,6,6,6,6,6.0,0.0,6,6,6.0,0.0,155844.155844156,25974.025974026,77.0,0.0,77,77,0,0.0,0.0,0,0,0,0.0,0.0,0,0,0,0,20,20,12987.012987013,12987.012987013,6,6,6.0,0.0,0.0,0,0,0,0,1,1,0,0,1,9.0,6.0,6.0,20,1,6,1,6,119,251,0,20,0.0,0.0,0,0,0.0,0.0,0,0,Normal,0
56518,53,1,2,0,0,0,0,0.0,0.0,0,0,0.0,0.0,0.0,56603.77358,26.5,30.40559159,48,5,0,0.0,0.0,0,0,48,48.0,0.0,48,48,0,0,20,40,18867.92453,37735.84906,0,0,0.0,0.0,0.0,0,0,0,0,1,1,0,0,2,0.0,0.0,0.0,20,1,0,2,0,245,256,0,20,0.0,0.0,0,0,0.0,0.0,0,0,Normal,0
53,24016,2,2,62,162,31,31,31.0,0.0,81,81,81.0,0.0,9327.1152564957,166.5556295803,8005.3333333333,13860.4479124353,24010,3,3,3.0,0.0,3,3,3,3.0,0.0,3,3,0,0,64,40,83.2778147901,83.2778147901,31,81,51.0,27.3861278753,750.0,0,0,0,0,0,0,0,0,1,63.75,31.0,81.0,64,2,62,2,162,-1,-1,1,32,0.0,0.0,0,0,0.0,0.0,0,0,Normal,0
443,136077,12,9,538,5160,201,0,44.83333333,77.17610715,1448,0,573.3333333,631.630232,41873.35112,154.3243899,6803.85,11741.94348,42129,7,136077,12370.63636,19775.43105,65546,17,110960,13870.0,19611.27431,47530,48,0,0,404,296,88.18536564,66.13902423,0,1448,259.0,476.2907275,226852.8571,0,0,0,1,0,0,0,0,0,271.3333333,44.83333333,573.3333333,404,12,538,9,5160,29200,972,4,32,0.0,0.0,0,0,0.0,0.0,0,0,Normal,0
59821,15,1,1,6,6,6,6,6.0,0.0,6,6,6.0,0.0,800000.0,133333.3333,15.0,0.0,15,15,0,0.0,0.0,0,0,0,0.0,0.0,0,0,0,0,20,20,66666.66667,66666.66667,6,6,6.0,0.0,0.0,0,0,0,0,1,1,0,0,1,9.0,6.0,6.0,20,1,6,1,6,119,255,0,20,0.0,0.0,0,0,0.0,0.0,0,0,Normal,0
80,223542,1,1,6,6,6,6,6.0,0.0,6,6,6.0,0.0,53.68118743,8.946864571,223542.0,0.0,223542,223542,0,0.0,0.0,0,0,0,0.0,0.0,0,0,0,0,20,20,4.473432286,4.473432286,6,6,6.0,0.0,0.0,0,0,0,0,1,1,0,0,1,9.0,6.0,6.0,20,1,6,1,6,40880,15544,0,20,0.0,0.0,0,0,0.0,0.0,0,0,Normal,0
5298,69,1,1,0,6,0,0,0.0,0.0,6,6,6.0,0.0,86956.52174,28985.50725,69.0,0.0,69,69,0,0.0,0.0,0,0,0,0.0,0.0,0,0,0,0,40,20,14492.75362,14492.75362,0,6,2.0,3.464101615,12.0,0,0,0,1,0,0,0,0,1,3.0,0.0,6.0,40,1,0,1,6,29200,0,0,40,0.0,0.0,0,0,0.0,0.0,0,0,PortScan,0
51896,83,1,1,6,6,6,6,6.0,0.0,6,6,6.0,0.0,144578.3133,24096.38554,83.0,0.0,83,83,0,0.0,0.0,0,0,0,0.0,0.0,0,0,0,0,20,20,12048.19277,12048.19277,6,6,6.0,0.0,0.0,0,0,0,0,1,1,0,0,1,9.0,6.0,6.0,20,1,6,1,6,114,252,0,20,0.0,0.0,0,0,0.0,0.0,0,0,Normal,0
80,17,1,1,6,6,6,6,6.0,0.0,6,6,6.0,0.0,705882.3529,117647.0588,17.0,0.0,17,17,0,0.0,0.0,0,0,0,0.0,0.0,0,0,0,0,20,20,58823.52941,58823.52941,6,6,6.0,0.0,0.0,0,0,0,0,1,0,0,0,1,9.0,6.0,6.0,20,1,6,1,6,16425,913,0,20,0.0,0.0,0,0,0.0,0.0,0,0,Normal,0
443,5082688,8,5,348,152,228,0,43.5,77.31198392,85,2,30.4,37.04456775,98.37314429,2.557701752,423557.3333,1443886.986,5008392,3,5082688,726098.2857,1898905.752,5032339,48,50299,12574.75,13986.68789,24766,3,0,0,180,104,1.573970309,0.983731443,0,228,35.71428571,61.53851648,3786.989011,0,0,0,1,0,0,0,0,0,38.46153846,43.5,30.4,180,8,348,5,152,29200,35173,7,20,74248.0,0.0,74248,74248,5008392.0,0.0,5008392,5008392,Normal,0
53,37119,2,2,96,128,48,48,48.0,0.0,64,64,64.0,0.0,6034.645329885,107.7615237479,12373.0,21424.6024700576,37112,3,4,4.0,0.0,4,4,3,3.0,0.0,3,3,0,0,64,64,53.880761874,53.880761874,48,64,54.4,8.7635609201,76.8,0,0,0,0,0,0,0,0,1,68.0,48.0,64.0,64,2,96,2,128,-1,-1,1,32,0.0,0.0,0,0,0.0,0.0,0,0,Normal,0
443,5169090,11,9,382,3152,183,0,34.72727273,61.08369817,1432,0,350.2222222,566.7655551,683.6793323,3.869152984,272057.3684,1147920.911,5011743,0,5169090,516909.0,1579501.472,5011743,3,106678,13334.75,24254.14011,54281,1,0,0,240,192,2.128034141,1.741118843,0,1432,168.2857143,395.5718826,156477.1143,0,0,0,1,0,0,0,0,0,176.7,34.72727273,350.2222222,240,11,382,9,3152,29200,62,10,20,157344.0,0.0,157344,157344,5011743.0,0.0,5011743,5011743,Normal,0
53,138,2,2,76,154,38,38,38.0,0.0,77,77,77.0,0.0,1666666.667,28985.50725,46.0,75.34586916,133,2,3,3.0,0.0,3,3,2,2.0,0.0,2,2,0,0,64,64,14492.75362,14492.75362,38,77,53.6,21.36117974,456.3,0,0,0,0,0,0,0,0,1,67.0,38.0,77.0,64,2,76,2,154,-1,-1,1,32,0.0,0.0,0,0,0.0,0.0,0,0,Normal,0
443,66209377,19,18,1529,8484,455,0,80.47368421,142.6823856,1608,0,471.3333333,672.8754801,151.2323549,0.55883323,1839149.361,3764707.407,10000000,4,61800000,3433040.0,4843834.689,10100000,192,66100000,3887813.353,4847607.472,10100000,4,0,0,392,444,0.286968415,0.271864815,0,1608,263.5,507.9583804,258021.7162,0,0,0,1,0,0,0,0,0,270.6216216,80.47368421,471.3333333,392,19,1529,18,8484,8192,262,18,20,307015.0,466740.6787,1259745,116058,9992105.0,20297.3891,10000000,9950683,Normal,0
57872,4,2,0,37,0,31,6,18.5,17.67766953,0,0,0.0,0.0,9250000.0,500000.0,4.0,0.0,4,4,4,4.0,0.0,4,4,0,0.0,0.0,0,0,1,0,40,0,500000.0,0.0,6,31,22.66666667,14.43375673,208.3333333,0,1,0,0,1,0,0,0,0,34.0,18.5,0.0,40,2,37,0,0,30016,-1,1,20,0.0,0.0,0,0,0.0,0.0,0,0,Normal,0
53,46809,2,2,76,160,38,38,38.0,0.0,80,80,80.0,0.0,5041.765472,85.45365208,15603.0,27019.12658,46802,3,3,3.0,0.0,3,3,4,4.0,0.0,4,4,0,0,64,40,42.72682604,42.72682604,38,80,54.8,23.00434742,529.2,0,0,0,0,0,0,0,0,1,68.5,38.0,80.0,64,2,76,2,160,-1,-1,1,32,0.0,0.0,0,0,0.0,0.0,0,0,Normal,0
7921,24,1,1,0,6,0,0,0.0,0.0,6,6,6.0,0.0,250000.0,83333.33333,24.0,0.0,24,24,0,0.0,0.0,0,0,0,0.0,0.0,0,0,0,0,40,20,41666.66667,41666.66667,0,6,2.0,3.464101615,12.0,0,0,0,1,0,0,0,0,1,3.0,0.0,6.0,40,1,0,1,6,29200,0,0,40,0.0,0.0,0,0,0.0,0.0,0,0,PortScan,0
58080,3,2,0,0,0,0,0,0.0,0.0,0,0,0.0,0.0,0.0,666666.666666667,3.0,0.0,3,3,3,3.0,0.0,3,3,0,0.0,0.0,0,0,0,0,64,0,666666.666666667,0.0,0,0,0.0,0.0,0.0,0,0,0,0,1,0,0,0,0,0.0,0.0,0.0,64,2,0,0,0,6008,-1,0,32,0.0,0.0,0,0,0.0,0.0,0,0,Normal,0
51086,191,1,1,6,6,6,6,6.0,0.0,6,6,6.0,0.0,62827.22513,10471.20419,191.0,0.0,191,191,0,0.0,0.0,0,0,0,0.0,0.0,0,0,0,0,20,20,5235.602094,5235.602094,6,6,6.0,0.0,0.0,0,0,0,0,1,1,0,0,1,9.0,6.0,6.0,20,1,6,1,6,913,256,0,20,0.0,0.0,0,0,0.0,0.0,0,0,Normal,0
1107,59,1,1,0,6,0,0,0.0,0.0,6,6,6.0,0.0,101694.9153,33898.30508,59.0,0.0,59,59,0,0.0,0.0,0,0,0,0.0,0.0,0,0,0,0,40,20,16949.15254,16949.15254,0,6,2.0,3.464101615,12.0,0,0,0,1,0,0,0,0,1,3.0,0.0,6.0,40,1,0,1,6,29200,0,0,40,0.0,0.0,0,0,0.0,0.0,0,0,PortScan,0
443,116393116,21,20,1091,3553,652,0,51.95238095,144.9884396,1810,0,177.65,499.4288606,39.89926689,0.35225451,2909827.9,4457457.747,10000000,3,116000000,5819655.8,4955347.945,10200000,3,112000000,5901773.474,5114041.143,10200000,3,0,0,432,408,0.180423042,0.171831468,0,1810,110.5714286,360.6891874,130096.6899,0,0,0,1,0,0,0,0,0,113.2682927,51.95238095,177.65,432,21,1091,20,3553,8192,5272,20,20,211043.6364,217581.0095,867075,145237,9982932.455,61575.69022,10000000,9798471,Normal,0
80,85630092,6,7,343,11595,325,0,57.16666667,131.2439205,4344,0,1656.428571,1760.597234,139.4136071,0.151815789,7135841.0,24600000.0,85400000,4,85400000,17100000.0,38200000.0,85400000,5,85600000,14300000.0,34900000.0,85400000,15,0,0,164,232,0.070068826,0.081746963,0,4344,853.1428571,1460.251183,2132333.516,1,0,0,0,0,0,0,0,1,918.7692308,57.16666667,1656.428571,164,6,343,7,11595,0,235,3,20,11992.0,0.0,11992,11992,85400000.0,0.0,85400000,85400000,DoS,0
53,201,2,2,70,102,35,35,35.0,0.0,51,51,51.0,0.0,855721.393,19900.49751,67.0,33.77869151,106,47,48,48.0,0.0,48,48,47,47.0,0.0,47,47,0,0,64,64,9950.248756,9950.248756,35,51,41.4,8.76356092,76.8,0,0,0,0,0,0,0,0,1,51.75,35.0,51.0,64,2,70,2,102,-1,-1,1,32,0.0,0.0,0,0,0.0,0.0,0,0,Normal,0
8080,1019953,3,3,0,18,0,0,0.0,0.0,6,6,6.0,0.0,17.64787201,5.882624003,203990.6,278698.0284,514502,359,1019381,509690.5,7312.191224,514861,504520,1019455,509727.5,7561.092811,515074,504381,0,0,92,60,2.941312002,2.941312002,0,6,2.571428571,3.207134903,10.28571429,0,0,0,1,0,0,0,0,1,3.0,0.0,6.0,92,3,0,3,18,8192,0,0,28,0.0,0.0,0,0,0.0,0.0,0,0,Normal,0
80,97819625,8,5,56,11601,20,0,7.0,5.656854249,8760,0,2320.2,3668.897,119.1683162,0.132897668,8151635.417,26700000.0,92900000,1,97200000,13900000.0,34900000.0,92900000,1,683363,170840.75,327034.9589,661148,94,0,0,172,112,0.08178318,0.051114488,0,8760,833.0714286,2337.724089,5464953.918,0,0,0,0,1,0,0,0,0,897.1538462,7.0,2320.2,172,8,56,5,11601,256,229,6,20,4193891.0,0.0,4193891,4193891,92900000.0,0.0,92900000,92900000,DoS,0
53,214,2,2,102,224,51,51,51.0,0.0,112,112,112.0,0.0,1523364.486,18691.58879,71.33333333,39.55165399,117,48,48,48.0,0.0,48,48,49,49.0,0.0,49,49,0,0,52,40,9345.794393,9345.794393,51,112,75.4,33.41107601,1116.3,0,0,0,0,0,0,0,0,1,94.25,51.0,112.0,52,2,102,2,224,-1,-1,1,20,0.0,0.0,0,0,0.0,0.0,0,0,Normal,0
53,212,2,2,72,172,36,36,36.0,0.0,86,86,86.0,0.0,1150943.396,18867.92453,70.66666667,38.3970485,115,48,48,48.0,0.0,48,48,49,49.0,0.0,49,49,0,0,64,80,9433.962264,9433.962264,36,86,56.0,27.38612788,750.0,0,0,0,0,0,0,0,0,1,70.0,36.0,86.0,64,2,72,2,172,-1,-1,1,32,0.0,0.0,0,0,0.0,0.0,0,0,Normal,0
53,315,2,2,82,254,41,41,41.0,0.0,127,127,127.0,0.0,1066666.667,12698.4127,105.0,180.1360597,313,0,2,2.0,0.0,2,2,0,0.0,0.0,0,0,0,0,56,40,6349.206349,6349.206349,41,127,75.4,47.10413995,2218.8,0,0,0,0,0,0,0,0,1,94.25,41.0,127.0,56,2,82,2,254,-1,-1,1,28,0.0,0.0,0,0,0.0,0.0,0,0,Normal,0
53,157,2,2,70,102,35,35,35.0,0.0,51,51,51.0,0.0,1095541.40127389,25477.7070063694,52.3333333333,50.6392469665,105,4,4,4.0,0.0,4,4,48,48.0,0.0,48,48,0,0,64,64,12738.8535031847,12738.8535031847,35,51,41.4,8.7635609201,76.8,0,0,0,0,0,0,0,0,1,51.75,35.0,51.0,64,2,70,2,102,-1,-1,1,32,0.0,0.0,0,0,0.0,0.0,0,0,Normal,0
80,11683143,5,5,449,3525,449,0,89.8,200.7989044,2077,0,705.0,990.6447396,340.1481947,0.855934058,1298127.0,2608773.708,6676538,16,6679580,1669895.0,3338979.336,6678364,242,11700000,2920781.75,3440338.019,6676538,192,0,0,168,168,0.427967029,0.427967029,0,2077,361.2727273,719.4814926,517653.6182,0,0,0,1,0,0,0,0,1,397.4,89.8,705.0,168,5,449,5,3525,29200,235,1,32,868.0,0.0,868,868,6676538.0,0.0,6676538,6676538,DoS,0
80,85437207,5,7,383,11595,371,0,76.6,164.6019441,4344,0,1656.428571,1760.597234,140.1965305,0.14045403,7767018.818,25700000.0,85300000,4,85300000,21300000.0,42600000.0,85300000,4,85400000,14200000.0,34800000.0,85300000,20,0,0,144,232,0.058522512,0.081931517,0,4344,921.8461538,1497.076309,2241237.474,1,0,0,0,0,0,0,0,1,998.6666667,76.6,1656.428571,144,5,383,7,11595,0,235,2,20,9997.0,0.0,9997,9997,85300000.0,0.0,85300000,85300000,DoS,0
443,132020,3,0,65,0,53,6,21.66666667,27.13546265,0,0,0.0,0.0,492.349644,22.72382972,66010.0,93346.5804,132016,4,132020,66010.0,93346.5804,132016,4,0,0.0,0.0,0,0,0,0,60,0,22.72382972,0.0,6,53,17.75,23.5,552.25,0,0,0,0,1,0,0,0,0,23.66666667,21.66666667,0.0,60,3,65,0,0,63159,-1,2,20,0.0,0.0,0,0,0.0,0.0,0,0,Normal,0
443,23272,1,1,0,0,0,0,0.0,0.0,0,0,0.0,0.0,0.0,85.94018563,23272.0,0.0,23272,23272,0,0.0,0.0,0,0,0,0.0,0.0,0,0,0,0,32,32,42.97009282,42.97009282,0,0,0.0,0.0,0.0,0,0,0,0,1,1,0,0,1,0.0,0.0,0.0,32,1,0,1,0,1324,2839,0,32,0.0,0.0,0,0,0.0,0.0,0,0,Normal,0
53,60844,2,2,74,444,37,37,37.0,0.0,222,222,222.0,0.0,8513.5757017948,65.7418973112,20281.3333333333,35084.1396977799,60793,3,3,3.0,0.0,3,3,48,48.0,0.0,48,48,0,0,64,64,32.8709486556,32.8709486556,37,222,111.0,101.3286731385,10267.5,0,0,0,0,0,0,0,0,1,138.75,37.0,222.0,64,2,74,2,444,-1,-1,1,32,0.0,0.0,0,0,0.0,0.0,0,0,Normal,0
80,85785254,8,6,374,11595,374,0,46.75,132.2289681,4344,0,1932.5,1754.831473,139.5228136,0.163198211,6598865.692,23800000.0,85700000,1,85700000,12200000.0,32400000.0,85700000,1,132660,26532.0,50672.91702,116328,15,0,0,264,200,0.093256121,0.069942091,0,4344,797.9333333,1424.126723,2028136.924,0,0,0,0,1,0,0,0,0,854.9285714,46.75,1932.5,264,8,374,6,11595,274,235,1,32,978.0,0.0,978,978,85700000.0,0.0,85700000,85700000,DoS,0
53,163,2,2,66,270,33,33,33.0,0.0,135,135,135.0,0.0,2061349.693,24539.8773,54.33333333,90.64950818,159,1,3,3.0,0.0,3,3,1,1.0,0.0,1,1,0,0,64,64,12269.93865,12269.93865,33,135,73.8,55.86770087,3121.2,0,0,0,0,0,0,0,0,1,92.25,33.0,135.0,64,2,66,2,270,-1,-1,1,32,0.0,0.0,0,0,0.0,0.0,0,0,Normal,0
53,235,2,2,68,484,34,34,34.0,0.0,242,242,242.0,0.0,2348936.17021277,17021.2765957447,78.3333333333,95.4428275636,185,1,49,49.0,0.0,49,49,1,1.0,0.0,1,1,0,0,64,64,8510.6382978724,8510.6382978724,34,242,117.2,113.9262919611,12979.2,0,0,0,0,0,0,0,0,1,146.5,34.0,242.0,64,2,68,2,484,-1,-1,1,32,0.0,0.0,0,0,0.0,0.0,0,0,Normal,0
80,66412,3,5,432,2280,426,0,144.0,244.2375892,1460,2,456.0,659.8545294,40835.9935,120.4601578,9487.428571,15808.31397,32735,1,32828,16414.0,23016.32573,32689,139,33897,8474.25,16386.57433,33048,1,0,0,72,104,45.17255918,75.28759863,0,1460,301.3333333,517.8812605,268201.0,0,0,0,1,0,0,0,0,1,339.0,144.0,456.0,72,3,432,5,2280,8192,30016,2,20,0.0,0.0,0,0,0.0,0.0,0,0,Normal,0
53,49154,2,2,64,120,32,32,32.0,0.0,60,60,60.0,0.0,3743.337267,81.3768971,16384.66667,28375.61105,49150,1,1,1.0,0.0,1,1,3,3.0,0.0,3,3,0,0,40,40,40.68844855,40.68844855,32,60,43.2,15.33623161,235.2,0,0,0,0,0,0,0,0,1,54.0,32.0,60.0,40,2,64,2,120,-1,-1,1,20,0.0,0.0,0,0,0.0,0.0,0,0,Normal,0
443,117940043,15,14,1603,4647,556,0,106.8666667,190.7698189,1448,0,331.9285714,509.6409693,52.99302799,0.24588765,4212144.393,15400000.0,59000000,5,118000000,8424288.786,21300000.0,59000000,173,118000000,9065216.923,22100000.0,59000000,48,0,0,488,456,0.127183267,0.118704383,0,1448,208.3333333,384.9648738,148197.954,0,0,0,1,0,0,0,0,0,215.5172414,106.8666667,331.9285714,488,15,1603,14,4647,29200,131,7,32,240256.5,209086.5254,388103,92410,58700000.0,381297.4323,59000000,58400000,Normal,0
53,30905,2,2,68,158,34,34,34.0,0.0,79,79,79.0,0.0,7312.7325675457,129.4288950008,10301.6666666667,17838.6800053517,30900,1,4,4.0,0.0,4,4,1,1.0,0.0,1,1,0,0,40,40,64.7144475004,64.7144475004,34,79,52.0,24.6475150877,607.5,0,0,0,0,0,0,0,0,1,65.0,34.0,79.0,40,2,68,2,158,-1,-1,1,20,0.0,0.0,0,0,0.0,0.0,0,0,Normal,0
53,277,2,2,46,46,23,23,23.0,0.0,23,23,23.0,0.0,332129.9639,14440.43321,92.33333333,159.060785,276,0,1,1.0,0.0,1,1,0,0.0,0.0,0,0,0,0,40,40,7220.216606,7220.216606,23,23,23.0,0.0,0.0,0,0,0,0,0,0,0,0,1,28.75,23.0,23.0,40,2,46,2,46,-1,-1,1,20,0.0,0.0,0,0,0.0,0.0,0,0,Normal,0
53,151,2,2,64,96,32,32,32.0,0.0,48,48,48.0,0.0,1059602.649,26490.06623,50.33333333,47.54296303,99,4,4,4.0,0.0,4,4,48,48.0,0.0,48,48,0,0,40,40,13245.03311,13245.03311,32,48,38.4,8.76356092,76.8,0,0,0,0,0,0,0,0,1,48.0,32.0,48.0,40,2,64,2,96,-1,-1,1,20,0.0,0.0,0,0,0.0,0.0,0,0,Normal,0
60052,53107,2,1,0,0,0,0,0.0,0.0,0,0,0.0,0.0,0.0,56.4897282844,26553.5,37497.1654995414,53068,39,53107,53107.0,0.0,53107,53107,0,0.0,0.0,0,0,0,0,76,32,37.6598188563,18.8299094281,0,0,0.0,0.0,0.0,0,0,0,0,1,0,0,0,0,0.0,0.0,0.0,76,2,0,1,0,357,32832,0,32,0.0,0.0,0,0,0.0,0.0,0,0,Normal,0
44912,21,1,1,0,0,0,0,0.0,0.0,0,0,0.0,0.0,0.0,95238.09524,21.0,0.0,21,21,0,0.0,0.0,0,0,0,0.0,0.0,0,0,0,0,32,32,47619.04762,47619.04762,0,0,0.0,0.0,0.0,0,0,0,0,1,0,0,0,1,0.0,0.0,0.0,32,1,0,1,0,5810,40544,0,32,0.0,0.0,0,0,0.0,0.0,0,0,Normal,0
53,33573,1,1,47,79,47,47,47.0,0.0,79,79,79.0,0.0,3753.0158162809,59.5716796235,33573.0,0.0,33573,33573,0,0.0,0.0,0,0,0,0.0,0.0,0,0,0,0,20,20,29.7858398118,29.7858398118,47,79,57.6666666667,18.4752086141,341.3333333333,0,0,0,0,0,0,0,0,1,86.5,47.0,79.0,20,1,47,1,79,-1,-1,0,20,0.0,0.0,0,0,0.0,0.0,0,0,Normal,0
80,23755,1,1,0,0,0,0,0.0,0.0,0,0,0.0,0.0,0.0,84.1928015155,23755.0,0.0,23755,23755,0,0.0,0.0,0,0,0,0.0,0.0,0,0,0,0,32,32,42.0964007577,42.0964007577,0,0,0.0,0.0,0.0,0,0,0,0,1,1,0,0,1,0.0,0.0,0.0,32,1,0,1,0,259,939,0,32,0.0,0.0,0,0,0.0,0.0,0,0,Normal,0
80,11556307,8,6,327,11632,327,0,40.875,115.6119587,4392,0,1938.666667,2190.718847,1034.846167,1.211459682,888946.6923,2192239.144,6553746,3,6557077,936725.2857,2477659.114,6555528,3,11600000,2311251.2,3211628.846,6553746,16,0,0,264,200,0.692262675,0.519197006,0,4392,797.2666667,1628.303958,2651373.781,0,0,0,1,0,0,0,0,0,854.2142857,40.875,1938.666667,264,8,327,6,11632,29200,235,1,32,889.0,0.0,889,889,6553746.0,0.0,6553746,6553746,DoS,0
50875,104,1,1,0,0,0,0,0.0,0.0,0,0,0.0,0.0,0.0,19230.7692307692,104.0,0.0,104,104,0,0.0,0.0,0,0,0,0.0,0.0,0,0,0,0,32,32,9615.3846153846,9615.3846153846,0,0,0.0,0.0,0.0,0,0,0,0,1,1,0,0,1,0.0,0.0,0.0,32,1,0,1,0,122,33304,0,32,0.0,0.0,0,0,0.0,0.0,0,0,Normal,0
53,419,2,2,64,158,32,32,32.0,0.0,79,79,79.0,0.0,529832.9356,9546.539379,139.6666667,240.177712,417,1,1,1.0,0.0,1,1,1,1.0,0.0,1,1,0,0,40,40,4773.26969,4773.26969,32,79,50.8,25.7429602,662.7,0,0,0,0,0,0,0,0,1,63.5,32.0,79.0,40,2,64,2,158,-1,-1,1,20,0.0,0.0,0,0,0.0,0.0,0,0,Normal,0
53,31057,2,2,94,126,47,47,47.0,0.0,63,63,63.0,0.0,7083.749235,128.7954406,10352.33333,17887.47957,31007,3,3,3.0,0.0,3,3,47,47.0,0.0,47,47,0,0,64,40,64.39772032,64.39772032,47,63,53.4,8.76356092,76.8,0,0,0,0,0,0,0,0,1,66.75,47.0,63.0,64,2,94,2,126,-1,-1,1,32,0.0,0.0,0,0,0.0,0.0,0,0,Normal,0
50847,28,1,1,6,6,6,6,6.0,0.0,6,6,6.0,0.0,428571.428571429,71428.5714285714,28.0,0.0,28,28,0,0.0,0.0,0,0,0,0.0,0.0,0,0,0,0,20,20,35714.2857142857,35714.2857142857,6,6,6.0,0.0,0.0,0,0,0,0,1,1,0,0,1,9.0,6.0,6.0,20,1,6,1,6,60,255,0,20,0.0,0.0,0,0,0.0,0.0,0,0,Normal,0
443,252,2,1,0,0,0,0,0.0,0.0,0,0,0.0,0.0,0.0,11904.7619,126.0,103.2375901,199,53,252,252.0,0.0,252,252,0,0.0,0.0,0,0,0,0,40,32,7936.507937,3968.253968,0,0,0.0,0.0,0.0,1,0,0,0,0,0,0,0,0,0.0,0.0,0.0,40,2,0,1,0,0,972,0,20,0.0,0.0,0,0,0.0,0.0,0,0,Normal,0
5088,23,1,1,6,6,6,6,6.0,0.0,6,6,6.0,0.0,521739.130434783,86956.5217391304,23.0,0.0,23,23,0,0.0,0.0,0,0,0,0.0,0.0,0,0,0,0,20,20,43478.2608695652,43478.2608695652,6,6,6.0,0.0,0.0,0,0,0,0,1,1,0,0,1,9.0,6.0,6.0,20,1,6,1,6,335,258,0,20,0.0,0.0,0,0,0.0,0.0,0,0,Normal,0
53,70440,1,1,49,134,49,49,49.0,0.0,134,134,134.0,0.0,2597.955707,28.39295855,70440.0,0.0,70440,70440,0,0.0,0.0,0,0,0,0.0,0.0,0,0,0,0,32,20,14.19647927,14.19647927,49,134,77.33333333,49.07477288,2408.333333,0,0,0,0,0,0,0,0,1,116.0,49.0,134.0,32,1,49,1,134,-1,-1,0,32,0.0,0.0,0,0,0.0,0.0,0,0,Normal,0
80,15961850,8,4,409,11632,409,0,51.125,144.6033368,11632,0,2908.0,5816.0,754.3611799,0.751792555,1451077.273,3193917.031,9957643,108,11000000,1565670.143,3720045.054,9959668,185,15000000,4987783.0,4978393.831,9957643,899,0,0,272,136,0.501195037,0.250597518,0,11632,926.2307692,3218.668984,10400000.0,0,0,0,1,0,0,0,0,0,1003.416667,51.125,2908.0,272,8,409,4,11632,29200,235,1,32,999400.0,0.0,999400,999400,9957643.0,0.0,9957643,9957643,DoS,0
80,2080947,6,0,36,0,6,6,6.0,0.0,0,0,0.0,0.0,17.2998159,2.88330265,416189.4,930059.3723,2079930,1,2080947,416189.4,930059.3723,2079930,1,0,0.0,0.0,0,0,0,0,120,0,2.88330265,0.0,6,6,6.0,0.0,0.0,0,0,0,0,1,0,0,0,0,7.0,6.0,0.0,120,6,36,0,0,256,-1,5,20,0.0,0.0,0,0,0.0,0.0,0,0,DoS,0
42948,27,1,1,0,0,0,0,0.0,0.0,0,0,0.0,0.0,0.0,74074.0740740741,27.0,0.0,27,27,0,0.0,0.0,0,0,0,0.0,0.0,0,0,0,0,32,32,37037.037037037,37037.037037037,0,0,0.0,0.0,0.0,0,0,0,0,1,1,0,0,1,0.0,0.0,0.0,32,1,0,1,0,357,337,0,32,0.0,0.0,0,0,0.0,0.0,0,0,Normal,0
52620,50,1,1,0,0,0,0,0.0,0.0,0,0,0.0,0.0,0.0,40000.0,50.0,0.0,50,50,0,0.0,0.0,0,0,0,0.0,0.0,0,0,0,0,20,20,20000.0,20000.0,0,0,0.0,0.0,0.0,0,0,0,0,1,1,0,0,1,0.0,0.0,0.0,20,1,0,1,0,30,16352,0,20,0.0,0.0,0,0,0.0,0.0,0,0,Normal,0
53,66352,2,2,70,102,35,35,35.0,0.0,51,51,51.0,0.0,2592.235350856,60.2845430432,22117.3333333333,38264.1843808715,66301,3,48,48.0,0.0,48,48,3,3.0,0.0,3,3,0,0,64,64,30.1422715216,30.1422715216,35,51,41.4,8.7635609201,76.8,0,0,0,0,0,0,0,0,1,51.75,35.0,51.0,64,2,70,2,102,-1,-1,1,32,0.0,0.0,0,0,0.0,0.0,0,0,Normal,0
22,11832404,20,33,2008,2745,640,0,100.4,141.9141327,976,0,83.18181818,217.2857356,401.6935189,4.479225016,227546.2308,635795.4507,2928298,4,10200000,535121.7895,949314.8301,2977538,244,11800000,369759.25,781579.42,2928298,4,0,0,648,1064,1.690273591,2.788951425,0,976,88.01851852,189.5902723,35944.47135,0,0,0,1,0,0,0,0,1,89.67924528,100.4,83.18181818,648,20,2008,33,2745,29200,247,16,32,0.0,0.0,0,0,0.0,0.0,0,0,Brute Force,0
